nescafe,other,supermarket
-1.9602399865314,0.376727401256842,0
0,-1.17212377663074,-1.22863542152846
0,0,-1.01471043491311
