nescafe,other,supermarket
-1.42373743013374,0,0
2.01702820545684,-0.824770262646707,0
0.754290917223598,0,0
